age,income,credit_score,debt_ratio,default
22,58303.27,733.0,0.2,0
54,28360.89,579.0,0.603,0
48,33593.19,520.0,0.27,0
38,98326.45,657.0,0.507,0
38,36826.39,715.0,0.36,0
58,40257.86,776.0,0.288,1
22,93064.44,686.0,0.079,0
50,112291.21,624.0,0.324,0
27,38911.8,587.0,0.116,0
22,53371.52,651.0,0.495,0
42,66148.0,629.0,0.578,0
63,91116.56,579.0,0.23,0
52,42236.57,793.0,0.395,0
53,55585.0,775.0,0.241,0
51,73992.08,730.0,0.256,0
54,67825.79,586.0,0.466,0
42,53229.19,710.0,0.344,0
24,57591.19,695.0,0.611,0
57,35251.88,681.0,0.278,1
39,55712.87,737.0,0.5,0
41,55205.03,694.0,0.365,0
35,64179.06,702.0,0.469,0
26,50004.11,695.0,0.283,1
61,68487.69,674.0,0.343,0
54,78228.88,525.0,0.333,0
48,62797.73,656.0,0.225,1
36,66331.62,611.0,0.449,1
56,60956.8,560.0,0.448,0
43,60001.52,768.0,0.439,0
38,47011.96,771.0,0.581,0
39,65696.9,745.0,0.567,0
28,58248.84,668.0,0.294,0
22,97677.03,745.0,0.406,0
44,88320.39,651.0,0.256,0
59,66945.24,664.0,0.354,0
20,46264.97,573.0,0.26,0
58,39976.59,678.0,0.593,0
56,81440.57,654.0,0.405,0
31,64729.49,559.0,0.317,0
47,68642.58,646.0,0.529,0
25,28597.45,644.0,0.024,0
53,76693.89,776.0,0.048,1
50,68179.57,713.0,0.469,0
34,40012.25,651.0,0.359,0
21,51512.55,667.0,0.388,0
63,64746.91,653.0,0.151,0
38,60944.4,636.0,0.347,0
59,54740.92,574.0,0.651,0
49,58137.21,639.0,0.474,0
54,55464.41,598.0,0.375,1
53,62746.13,562.0,0.284,1
27,86486.86,686.0,0.291,1
35,15000.0,677.0,0.031,1
39,55736.7,525.0,0.389,0
41,63177.22,641.0,0.477,0
20,65327.89,720.0,0.114,0
43,53305.54,724.0,0.251,1
25,28379.01,722.0,0.176,0
52,65903.92,653.0,0.205,1
50,91092.3,591.0,0.358,0
61,32390.49,574.0,0.037,1
53,75548.9,674.0,0.442,0
35,54086.55,677.0,0.463,0
63,58896.16,740.0,0.312,0
37,41047.83,727.0,0.0,0
33,53979.79,641.0,0.201,0
60,83400.8,563.0,0.535,1
35,70487.79,628.0,0.0,0
21,91181.61,665.0,0.298,0
40,81193.41,636.0,0.173,0
55,67903.56,610.0,0.471,0
26,91390.82,668.0,0.249,0
39,67901.88,615.0,0.411,1
24,74903.79,606.0,0.435,0
50,54661.72,672.0,0.625,1
40,61197.82,622.0,0.32,0
33,47446.37,667.0,0.406,0
28,77812.51,669.0,0.127,0
44,38790.53,570.0,0.529,0
49,74082.31,616.0,0.236,0
62,56568.28,751.0,0.266,0
38,81082.45,569.0,0.347,0
25,73515.64,502.0,0.116,0
57,92771.63,520.0,0.384,1
47,73153.94,652.0,0.495,0
50,31703.28,652.0,0.394,0
22,58794.84,642.0,0.112,0
32,38903.87,735.0,0.331,0
54,50670.96,463.0,0.461,0
57,87202.11,678.0,0.068,0
38,71475.61,759.0,0.189,0
55,47419.25,571.0,0.481,0
57,41753.09,623.0,0.391,1
36,60590.08,597.0,0.412,0
60,38101.92,587.0,0.629,0
31,47919.48,627.0,0.42,0
29,65616.17,750.0,0.449,0
50,80795.62,779.0,0.757,0
47,70957.71,626.0,0.318,0
24,18756.79,783.0,0.23,0
57,65478.6,652.0,0.414,0
27,61296.6,773.0,0.416,0
55,67450.03,643.0,0.271,1
18,89091.77,659.0,0.195,0
55,22861.71,676.0,0.696,0
54,49360.14,850.0,0.399,0
54,70636.31,710.0,0.24,0
49,31531.3,600.0,0.487,0
40,86567.08,718.0,0.334,0
51,66630.42,625.0,0.312,1
31,75238.51,616.0,0.434,0
54,49723.01,714.0,0.156,0
44,74647.75,652.0,0.403,0
39,79232.49,670.0,0.637,1
41,64191.8,651.0,0.42,1
44,64219.22,674.0,0.294,1
19,64866.18,680.0,0.274,0
24,44459.79,514.0,0.288,1
29,57344.48,697.0,0.312,0
23,57254.59,581.0,0.293,1
38,66901.09,549.0,0.487,0
49,77996.84,646.0,0.09,0
48,40946.35,656.0,0.479,0
40,57749.84,601.0,0.293,1
58,86666.2,708.0,0.407,0
44,46615.41,556.0,0.181,0
21,45199.5,622.0,0.549,1
53,63641.51,609.0,0.537,1
45,75198.93,647.0,0.494,0
47,60205.67,670.0,0.123,0
44,83921.29,579.0,0.474,1
44,75422.29,701.0,0.411,0
22,75152.76,654.0,0.109,0
44,69974.1,518.0,0.346,0
55,101897.76,513.0,0.405,0
32,56307.09,649.0,0.433,0
46,23936.6,635.0,0.377,0
19,88876.58,643.0,0.394,0
34,51761.41,648.0,0.571,0
38,61941.85,666.0,0.534,0
64,83571.91,716.0,0.0,0
28,31159.33,572.0,0.302,1
30,37470.35,568.0,0.325,0
37,31177.0,573.0,0.087,0
64,45705.55,670.0,0.364,1
58,67913.46,737.0,0.537,0
19,69435.38,620.0,0.187,0
28,64972.94,475.0,0.4,0
56,34570.21,531.0,0.213,0
20,18418.14,592.0,0.249,0
58,60978.36,611.0,0.572,0
31,51508.03,621.0,0.269,1
61,68268.94,653.0,0.419,0
31,72635.17,628.0,0.069,0
38,62488.35,723.0,0.629,1
49,73682.4,603.0,0.44,1
23,64125.8,590.0,0.323,1
44,69541.16,684.0,0.436,0
41,47315.88,543.0,0.139,0
54,56766.99,677.0,0.527,1
64,63541.97,657.0,0.301,0
49,74769.51,640.0,0.319,0
37,52912.66,761.0,0.276,0
37,69381.01,606.0,0.263,0
37,55214.9,794.0,0.454,1
56,57884.24,634.0,0.388,0
33,74931.34,561.0,0.448,0
25,24124.91,655.0,0.349,1
33,36663.5,575.0,0.427,0
19,33320.66,597.0,0.287,0
22,17994.91,678.0,0.684,0
22,47791.24,689.0,0.115,0
54,73489.81,606.0,0.539,0
51,54872.09,719.0,0.555,1
50,63560.22,731.0,0.222,0
39,79605.91,751.0,0.684,0
51,83898.35,687.0,0.499,0
25,58755.52,745.0,0.496,0
60,84364.55,518.0,0.354,0
41,61658.28,628.0,0.317,1
62,44926.83,589.0,0.319,0
25,49300.79,658.0,0.409,1
41,33350.34,610.0,0.56,0
50,44013.59,638.0,0.377,0
41,53555.7,782.0,0.213,0
38,74464.53,638.0,0.474,0
25,90973.86,679.0,0.488,0
35,35120.73,634.0,0.448,0
29,67070.89,655.0,0.462,0
32,41270.21,650.0,0.309,0
50,68544.55,681.0,0.211,0
47,57640.44,732.0,0.22,0
46,27043.7,765.0,0.105,0
35,76709.35,672.0,0.386,0
63,49109.99,691.0,0.337,0
22,50389.8,569.0,0.284,1
34,40744.46,644.0,0.0,0
23,48222.9,716.0,0.163,0
33,67702.03,711.0,0.518,0
63,56593.6,665.0,0.25,0
35,65915.92,712.0,0.404,0
60,66514.59,684.0,0.141,0
41,83771.91,734.0,0.566,0
50,53829.85,670.0,0.328,0
39,33416.56,625.0,0.394,0
30,79210.0,674.0,0.699,1
53,54033.21,445.0,0.577,1
63,80062.66,677.0,0.304,0
30,66900.79,395.0,0.261,1
54,57639.52,529.0,0.301,1
30,66277.97,682.0,0.426,0
51,95118.23,683.0,0.334,0
55,97385.65,569.0,0.291,0
39,61248.86,600.0,0.57,1
52,62883.43,746.0,0.333,0
30,79372.32,616.0,0.695,0
21,44778.1,807.0,0.364,0
22,65995.27,650.0,0.618,0
39,59534.47,679.0,0.404,0
60,65650.35,763.0,0.494,0
23,44999.36,659.0,0.241,1
39,31387.79,580.0,0.222,0
51,22686.3,642.0,0.419,0
27,39887.09,648.0,0.498,1
51,51743.84,554.0,0.356,1
32,54722.55,632.0,0.157,0
56,94870.16,598.0,0.146,1
45,79907.88,715.0,0.136,0
43,42682.36,652.0,0.085,1
26,66258.75,630.0,0.366,0
39,52672.59,643.0,0.519,0
58,54881.45,666.0,0.348,0
18,63335.86,693.0,0.011,0
53,71145.08,580.0,0.321,1
41,53893.35,577.0,0.326,0
51,79149.33,727.0,0.664,0
49,39445.11,621.0,0.131,0
38,60114.1,551.0,0.291,1
32,106758.13,681.0,0.606,1
47,64015.44,682.0,0.417,0
24,85797.86,543.0,0.434,0
45,61647.36,666.0,0.367,0
22,70453.99,701.0,0.399,0
48,58977.9,676.0,0.467,0
47,56932.66,694.0,0.229,0
21,45969.32,552.0,0.482,0
53,67745.42,673.0,0.144,1
37,44672.33,629.0,0.399,0
54,71980.53,616.0,0.377,0
19,79535.17,711.0,0.258,0
26,66597.57,754.0,0.347,1
41,54847.52,776.0,0.257,0
26,68171.38,742.0,0.189,0
33,54443.89,642.0,0.297,1
49,76839.85,675.0,0.184,0
24,27034.69,704.0,0.398,0
49,53959.07,658.0,0.177,0
22,24165.38,659.0,0.457,0
26,33088.91,708.0,0.173,0
45,84549.52,646.0,0.265,0
55,76113.33,599.0,0.256,0
26,47049.36,621.0,0.549,1
32,32954.94,694.0,0.4,0
61,15000.0,650.0,0.318,0
64,50217.08,674.0,0.425,1
45,103567.47,697.0,0.034,0
39,67827.92,624.0,0.344,0
34,49927.7,703.0,0.65,1
46,68371.44,677.0,0.37,0
45,31902.75,564.0,0.36,0
31,54648.18,751.0,0.432,0
19,61790.59,615.0,0.484,0
25,58450.19,534.0,0.05,0
63,74234.51,577.0,0.098,0
37,66203.61,579.0,0.382,1
40,72029.87,654.0,0.243,1
39,47609.3,631.0,0.547,0
54,76160.68,626.0,0.303,0
21,89320.87,693.0,0.06,0
21,42537.31,674.0,0.16,1
30,44021.48,672.0,0.0,0
40,84044.12,679.0,0.315,0
49,56555.81,693.0,0.322,0
41,85268.79,502.0,0.286,0
38,52034.36,624.0,0.512,1
62,86190.82,497.0,0.53,0
25,62366.74,653.0,0.324,0
44,64648.12,650.0,0.03,0
43,88164.92,723.0,0.443,0
40,53488.13,733.0,0.433,0
55,43059.8,664.0,0.396,0
30,51925.84,615.0,0.497,0
62,68142.01,684.0,0.175,0
33,31816.34,613.0,0.651,1
43,71474.48,650.0,0.206,0
42,50302.12,719.0,0.462,1
57,80660.63,611.0,0.097,0
38,16903.31,706.0,0.21,0
31,45841.82,697.0,0.577,0
19,29643.57,583.0,0.311,1
35,45127.87,718.0,0.476,0
56,64457.99,699.0,0.386,0
18,56773.92,657.0,0.334,0
60,55439.2,597.0,0.555,1
43,57134.67,590.0,0.315,0
24,63660.99,612.0,0.083,0
32,41846.35,688.0,0.23,0
44,72723.29,583.0,0.433,0
32,71927.99,681.0,0.409,0
23,66930.68,563.0,0.115,0
49,70017.6,636.0,0.241,0
49,65335.52,658.0,0.263,0
23,96631.32,821.0,0.295,1
31,58432.3,554.0,0.144,0
29,54472.5,753.0,0.256,1
48,46436.5,660.0,0.241,0
52,41419.27,679.0,0.466,0
52,37599.51,658.0,0.471,1
62,44001.65,681.0,0.328,0
54,58727.75,639.0,0.291,0
33,66017.31,752.0,0.371,0
23,60920.56,618.0,0.228,0
46,46220.37,729.0,0.178,0
61,76203.32,605.0,0.209,0
63,73309.43,646.0,0.255,0
28,57126.33,575.0,0.175,1
29,48247.51,682.0,0.374,0
19,69871.7,751.0,0.459,0
24,63383.52,645.0,0.112,0
44,33933.71,636.0,0.354,0
43,58776.36,572.0,0.317,1
35,64716.64,634.0,0.401,0
32,43805.49,539.0,0.348,1
57,63417.18,586.0,0.132,1
39,33813.2,666.0,0.161,1
55,84051.35,742.0,0.354,0
63,82463.1,847.0,0.504,0
32,55454.69,609.0,0.018,1
27,66542.18,750.0,0.402,0
62,16621.4,667.0,0.528,1
47,39185.74,639.0,0.327,0
31,54711.98,680.0,0.433,0
47,40701.61,654.0,0.245,0
42,72859.14,658.0,0.332,0
60,95951.34,621.0,0.107,1
30,38820.94,552.0,0.0,1
64,44925.66,542.0,0.491,1
61,64238.07,696.0,0.202,0
26,89000.09,631.0,0.282,0
25,37997.26,608.0,0.142,0
43,64482.65,651.0,0.139,0
20,92783.38,706.0,0.324,0
32,30268.34,663.0,0.241,0
38,36940.75,604.0,0.407,0
63,52375.08,736.0,0.418,0
64,50629.41,761.0,0.398,0
25,74626.82,685.0,0.386,0
59,64349.87,718.0,0.587,0
22,28050.68,737.0,0.19,0
53,69277.39,729.0,0.342,0
57,49604.3,693.0,0.52,0
59,82940.05,692.0,0.54,0
28,48703.42,686.0,0.137,1
59,48540.92,573.0,0.303,0
23,69740.37,699.0,0.554,0
42,73732.68,555.0,0.426,1
40,68065.79,594.0,0.379,0
32,29659.25,741.0,0.317,1
19,69684.62,709.0,0.292,0
54,41382.46,754.0,0.393,0
33,64234.97,631.0,0.312,0
49,34372.78,569.0,0.344,0
37,68033.8,633.0,0.362,1
35,45481.22,657.0,0.248,0
59,36912.58,656.0,0.43,0
22,72848.76,729.0,0.787,1
52,64349.6,625.0,0.083,0
53,48948.42,675.0,0.399,0
35,86121.22,581.0,0.236,0
30,52068.26,682.0,0.437,0
18,60577.94,650.0,0.357,0
62,64840.44,598.0,0.464,1
62,48846.01,633.0,0.526,0
29,68480.45,637.0,0.379,0
19,50397.86,631.0,0.52,0
23,52590.51,774.0,0.0,0
21,84527.57,643.0,0.589,0
57,41269.45,633.0,0.406,1
59,16569.95,503.0,0.512,0
25,88996.87,587.0,0.167,1
53,105887.9,632.0,0.225,0
26,52705.15,602.0,0.372,0
35,25136.92,747.0,0.347,0
46,54411.29,638.0,0.392,0
51,54847.99,740.0,0.513,0
59,56581.37,654.0,0.085,0
20,39959.02,653.0,0.496,0
27,70432.1,644.0,0.351,0
31,69441.13,650.0,0.319,0
32,33100.7,770.0,0.129,0
64,72585.54,488.0,0.425,0
54,96948.33,510.0,0.0,1
33,63095.29,612.0,0.447,0
63,53928.15,651.0,0.126,0
41,57443.94,698.0,0.358,0
41,71074.62,683.0,0.332,0
38,28847.91,623.0,0.525,1
24,62959.03,721.0,0.323,0
61,52971.65,722.0,0.246,0
18,93260.85,663.0,0.274,1
26,56864.89,717.0,0.541,0
28,90021.98,669.0,0.43,0
31,40132.67,611.0,0.292,1
24,70570.67,699.0,0.315,0
18,65749.2,658.0,0.115,0
49,44357.15,650.0,0.408,0
63,63193.13,753.0,0.086,0
23,81825.34,478.0,0.463,0
31,54171.75,551.0,0.369,0
41,29544.67,567.0,0.708,1
61,59683.87,625.0,0.185,0
50,43756.38,632.0,0.335,0
54,53837.86,544.0,0.62,0
45,58531.42,581.0,0.529,0
37,29298.26,590.0,0.246,1
27,30918.15,822.0,0.384,1
58,68677.2,776.0,0.35,0
55,50591.06,621.0,0.392,0
19,15000.0,625.0,0.245,0
51,74127.19,570.0,0.337,0
21,64902.66,516.0,0.11,0
52,47150.25,642.0,0.37,1
56,36297.06,580.0,0.418,1
24,75044.54,644.0,0.316,0
38,66288.31,538.0,0.108,0
23,102886.84,597.0,0.498,0
44,67563.39,660.0,0.405,0
61,66978.66,676.0,0.241,0
21,56995.3,679.0,0.308,0
36,74701.97,558.0,0.125,1
63,71251.53,710.0,0.196,0
32,82531.05,594.0,0.269,0
24,50616.19,694.0,0.534,0
40,52162.67,649.0,0.254,1
41,51376.14,554.0,0.446,1
49,74234.43,628.0,0.269,0
32,86970.74,676.0,0.387,0
62,51740.87,693.0,0.329,0
42,52354.07,640.0,0.481,1
31,65653.39,757.0,0.27,0
63,55576.29,721.0,0.114,0
61,77136.97,632.0,0.143,0
41,19468.01,703.0,0.27,1
19,45119.31,785.0,0.163,0
46,45916.51,787.0,0.412,0
44,18233.59,564.0,0.28,0
24,42654.51,585.0,0.706,1
47,43527.19,754.0,0.089,1
57,56380.12,576.0,0.381,0
22,80033.39,557.0,0.181,0
51,55588.91,616.0,0.276,0
24,41445.35,679.0,0.371,1
53,58974.82,643.0,0.001,0
37,78885.13,604.0,0.386,0
18,42432.74,603.0,0.635,1
63,43609.65,600.0,0.282,0
25,70053.88,588.0,0.389,0
46,56012.35,810.0,0.504,0
26,71654.72,671.0,0.325,0
61,59754.36,712.0,0.263,0
52,72629.95,616.0,0.009,0
55,41368.59,637.0,0.446,0
38,59782.48,600.0,0.333,0
39,56207.58,464.0,0.198,0
47,38113.96,554.0,0.369,1
54,31857.4,523.0,0.262,0
57,72343.48,493.0,0.271,0
18,53682.86,566.0,0.441,0
49,41598.95,743.0,0.149,0
23,58268.78,647.0,0.507,1
31,80304.34,740.0,0.14,0
56,18946.72,679.0,0.251,1
29,33060.5,705.0,0.638,0
55,43388.04,587.0,0.519,0
39,86301.22,687.0,0.365,0
28,65086.57,701.0,0.209,0
33,73811.71,610.0,0.271,0
42,39477.1,689.0,0.361,0
53,39848.35,690.0,0.356,0
46,68060.65,612.0,0.336,0
61,61048.94,571.0,0.345,0
58,69877.3,567.0,0.318,1
53,56621.92,656.0,0.134,0
46,65006.59,673.0,0.273,0
31,62846.14,595.0,0.487,0
37,73999.81,652.0,0.145,0
23,74526.15,690.0,0.322,0
35,30842.3,693.0,0.227,0
61,19549.17,759.0,0.367,0
38,78031.42,739.0,0.292,0
